swda_filename,ptb_basename,conversation_no,transcript_index,act_tag,caller,turn_index,subutterance_index,text,pos,trees,ptb_treenumbers,start_turn,end_turn
sw02utt/sw_0258_2008.utt,2/sw2008,2008,0,fc,A,1,1,"Hi, Cynthia.  /","[ Hi/UH ] ,/,  [ Cynthia/NNP ] ./.","(FRAG (INTJ (UH Hi)) (, ,) (NP-VOC (NNP Cynthia)) (. .) (-DFL- E_S))",1,1.717125,3.797125
sw02utt/sw_0258_2008.utt,2/sw2008,2008,1,qw,A,1,2,What did you wear to work today? /,[ What/WP ] did/VBD  [ you/PRP ] wear/VB to/IN work/NN  [ today/NN ] ?/.,(SBARQ (WHNP-1 (WP What)) (SQ (VBD did) (NP-SBJ (PRP you)) (VP (VB wear) (NP (-NONE- *T*-1)) (PP (IN to) (NP (NN work))) (NP-TMP (NN today)))) (. ?) (-DFL- E_S)),2,1.717125,3.797125
sw02utt/sw_0258_2008.utt,2/sw2008,2008,2,^h,B,2,1,"{F Um, } let's see.  /","[ Um/UH ] ,/, let/VB  [ 's/PRP ] see/VB ./.","(S-IMP (INTJ (UH Um)) (, ,) (NP-SBJ (-NONE- *)) (VP (VB let) (S (NP-SBJ (PRP 's)) (VP (VB see)))) (. .) (-DFL- E_S))",4,4.17225,13.286
sw02utt/sw_0258_2008.utt,2/sw2008,2008,3,t1,B,2,2,What did I wear to work today?  /,[ What/WP ] did/VBD  [ I/PRP ] wear/VB to/IN work/NN  [ today/NN ] ?/.,(SBARQ (WHNP-1 (WP What)) (SQ (VBD did) (NP-SBJ (PRP I)) (VP (VB wear) (NP (-NONE- *T*-1)) (PP (IN to) (NP (NN work))) (NP-TMP (NN today)))) (. ?) (-DFL- E_S)),5,4.17225,13.286
sw02utt/sw_0258_2008.utt,2/sw2008,2008,4,sd,B,2,3,"{F Um, } {D actually } I wore corduroy shorts with a white blouse, {F um, } and flat shoes. /","[ Um/UH ] ,/, actually/UH  [ I/PRP ] wore/VBD  [ corduroy/JJ shorts/NNS ] with/IN  [ a/DT white/JJ blouse/NN ] ,/, um/UH ,/, and/CC  [ flat/JJ shoes/NNS ] ./.","(S (INTJ (UH Um)) (, ,) (ADVP (UH actually)) (NP-SBJ (PRP I)) (VP (VBD wore) (NP (NP (NP (JJ corduroy) (NNS shorts)) (PP (IN with) (NP (DT a) (JJ white) (NN blouse)))) (, ,) (INTJ (UH um)) (, ,) (CC and) (NP (JJ flat) (NNS shoes)))) (. .) (-DFL- E_S))",6,4.17225,13.286
sw02utt/sw_0258_2008.utt,2/sw2008,2008,5,qy,A,3,1,"{C So, }  can you dress pretty casually? /","So/RB ,/, can/MD  [ you/PRP ] dress/VB pretty/RB casually/RB ?/.","(SQ (RB So) (, ,) (MD can) (NP-SBJ (PRP you)) (VP (VB dress) (ADVP-MNR (RB pretty) (RB casually))) (. ?) (-DFL- E_S))",8,13.620625,15.011125
sw02utt/sw_0258_2008.utt,2/sw2008,2008,6,na,B,4,1,"{F Um, } [ on occasion. +","Um/UH ,/, on/IN  [ occasion/NN ] ./.","(FRAG (INTJ (UH Um)) (, ,) (RM (-DFL- \[)) (PP (IN on) (NP (NN occasion))) (. .) (IP (-DFL- \+)) (PP (IN On) (NP (NN occasion))) (. .) (RS (-DFL- \])) (-DFL- E_S))",10,15.350625,17.050625
sw02utt/sw_0258_2008.utt,2/sw2008,2008,7,b,A,5,1,Yeah. /,Yeah/UH ./.,(INTJ (UH Yeah) (. .) (-DFL- E_S)),12,16.43625,16.712
sw02utt/sw_0258_2008.utt,2/sw2008,2008,8,+,B,6,1,On occasion.  ]  /,On/IN  [ occasion/NN ] ./.,"(FRAG (INTJ (UH Um)) (, ,) (RM (-DFL- \[)) (PP (IN on) (NP (NN occasion))) (. .) (IP (-DFL- \+)) (PP (IN On) (NP (NN occasion))) (. .) (RS (-DFL- \])) (-DFL- E_S))",10,17.050625,25.51775
sw02utt/sw_0258_2008.utt,2/sw2008,2008,9,sd,B,6,2,"{F Um, } I do vary.  /","[ Um/UH ] ,/,  [ I/PRP ] do/VBP vary/VB ./.","(S (INTJ (UH Um)) (, ,) (NP-SBJ (PRP I)) (VP (VBP do) (VP (VB vary))) (. .) (-DFL- E_S))",14,17.050625,25.51775
sw02utt/sw_0258_2008.utt,2/sw2008,2008,10,sd,B,6,3,"{F Um, } {D you know, } I wear suits,  /","[ Um/UH ] ,/,  [ you/PRP ] know/VBP ,/,  [ I/PRP ] wear/VBP  [ suits/NNS ] ,/,","(S (INTJ (UH Um)) (PRN (, ,) (S (NP-SBJ (PRP you)) (VP (VBP know))) (, ,)) (NP-SBJ (PRP I)) (VP (VBP wear) (NP (NNS suits))) (, ,) (-DFL- E_S))",15,17.050625,25.51775
sw02utt/sw_0258_2008.utt,2/sw2008,2008,11,sd,B,6,4,I wear skirts and sweaters.  /,[ I/PRP ] wear/VBP  [ skirts/NNS ] and/CC  [ sweaters/NNS ] ./.,(S (NP-SBJ (PRP I)) (VP (VBP wear) (NP (NNS skirts) (CC and) (NNS sweaters))) (. .) (-DFL- E_S)),16,17.050625,25.51775
sw02utt/sw_0258_2008.utt,2/sw2008,2008,12,sd,B,6,5,On occasion I can wear jeans.  /,On/IN  [ occasion/NN ] [ I/PRP ] can/MD wear/VB  [ jeans/NNS ] ./.,(S (PP-TMP (IN On) (NP (NN occasion))) (NP-SBJ (PRP I)) (VP (MD can) (VP (VB wear) (NP (NNS jeans)))) (. .) (-DFL- E_S)),17,17.050625,25.51775
sw02utt/sw_0258_2008.utt,2/sw2008,2008,13,qo,B,6,6,"{F Um, } how about you? /","[ Um/UH ] ,/, how/WRB about/IN  [ you/PRP ] ?/.","(FRAG (INTJ (UH Um)) (, ,) (WHADVP (WRB how)) (PP (IN about) (NP (PRP you))) (. ?) (-DFL- E_S))",18,17.050625,25.51775
sw02utt/sw_0258_2008.utt,2/sw2008,2008,14,sd,A,7,1,"{D Well, } I, {F um, } run a business out of my home. /","Well/UH ,/,  [ I/PRP ] ,/, um/UH ,/, run/VBP  [ a/DT business/NN ] out/IN of/IN  [ my/PRP$ home/NN ] ./.","(S (INTJ (UH Well)) (, ,) (NP-SBJ (PRP I)) (, ,) (INTJ (UH um)) (, ,) (VP (VBP run) (NP (DT a) (NN business)) (PP-LOC (IN out) (PP (IN of) (NP (PRP$ my) (NN home))))) (. .) (-DFL- E_S))",20,26.071625,28.65625
sw02utt/sw_0258_2008.utt,2/sw2008,2008,15,b,B,8,1,Uh-huh. /,[ Uh-huh/UH ] ./.,(INTJ (UH Uh-huh) (. .) (-DFL- E_S)),22,28.749875,29.161375
sw02utt/sw_0258_2008.utt,2/sw2008,2008,16,sd,A,9,1,"{C So } I tend to get up in the morning, put on,","So/RB  [ I/PRP ] tend/VBP to/TO get/VB up/RP in/IN  [ the/DT morning/NN ] ,/, put/VBP on/RP ,/,","(S (RB So) (NP-SBJ-1 (PRP I)) (VP (VBP tend) (S (NP-SBJ (-NONE- *-1)) (VP (TO to) (VP (VP (VB get) (PRT (RP up)) (PP-TMP (IN in) (NP (DT the) (NN morning)))) (, ,) (VP (VBP put) (PRT (RP on)) (, ,) (NP (NNS sweats))) (, ,) (INTJ (UH um)) (, ,) (VP (VB do) (SBAR-NOM (WHNP-3 (WDT whatever)) (S (NP-SBJ-2 (PRP I)) (VP (VBP want) (S (NP-SBJ (-NONE- *-2)) (VP (TO to) (VP (VB do) (NP (-NONE- *T*-3)) (PP (IN with) (NP (DT the) (NNS kids)))))))))))))) (, ,))",24,29.1405,42.523125
sw02utt/sw_0258_2008.utt,2/sw2008,2008,17,b,B,10,1,Yes. /,Yes/UH ./.,(INTJ (UH Yes) (. .) (-DFL- E_S)),27,32.018125,32.2145
sw02utt/sw_0258_2008.utt,2/sw2008,2008,18,+,A,11,1,"sweats, {F um, }","[ sweats/NNS ] ,/, um/UH ,/,","(S (RB So) (NP-SBJ-1 (PRP I)) (VP (VBP tend) (S (NP-SBJ (-NONE- *-1)) (VP (TO to) (VP (VP (VB get) (PRT (RP up)) (PP-TMP (IN in) (NP (DT the) (NN morning)))) (, ,) (VP (VBP put) (PRT (RP on)) (, ,) (NP (NNS sweats))) (, ,) (INTJ (UH um)) (, ,) (VP (VB do) (SBAR-NOM (WHNP-3 (WDT whatever)) (S (NP-SBJ-2 (PRP I)) (VP (VBP want) (S (NP-SBJ (-NONE- *-2)) (VP (TO to) (VP (VB do) (NP (-NONE- *T*-3)) (PP (IN with) (NP (DT the) (NNS kids)))))))))))))) (, ,))",24
sw02utt/sw_0258_2008.utt,2/sw2008,2008,19,b,B,12,1,Uh-huh. /,[ Uh-huh/UH ] ./.,(INTJ (UH Uh-huh) (. .) (-DFL- E_S)),22,33.0305,33.38225
sw02utt/sw_0258_2008.utt,2/sw2008,2008,20,+,A,13,1,"do whatever I want to do with the kids, then whenever I have a meeting with a client, I'll put a suit on.","do/VB  [ whatever/WDT ] [ I/PRP ] want/VBP to/TO do/VB with/IN  [ the/DT kids/NNS ] ,/, then/RB whenever/WRB  [ I/PRP ] have/VBP  [ a/DT meeting/NN ] with/IN  [ a/DT client/NN ] ,/,  [ I/PRP ] 'll/MD put/VB  [ a/DT suit/NN ] on/RP ./.","(S (RB So) (NP-SBJ-1 (PRP I)) (VP (VBP tend) (S (NP-SBJ (-NONE- *-1)) (VP (TO to) (VP (VP (VB get) (PRT (RP up)) (PP-TMP (IN in) (NP (DT the) (NN morning)))) (, ,) (VP (VBP put) (PRT (RP on)) (, ,) (NP (NNS sweats))) (, ,) (INTJ (UH um)) (, ,) (VP (VB do) (SBAR-NOM (WHNP-3 (WDT whatever)) (S (NP-SBJ-2 (PRP I)) (VP (VBP want) (S (NP-SBJ (-NONE- *-2)) (VP (TO to) (VP (VB do) (NP (-NONE- *T*-3)) (PP (IN with) (NP (DT the) (NNS kids)))))))))))))) (, ,))|||(S (ADVP (RB then)) (SBAR-TMP (WHADVP-4 (WRB whenever)) (S (NP-SBJ (PRP I)) (VP (VBP have) (NP (NP (DT a) (NN meeting)) (PP (IN with) (NP (DT a) (NN client)))) (ADVP-TMP (-NONE- *T*-4))))) (, ,) (NP-SBJ (PRP I)) (VP (MD 'll) (VP (VP (VB put) (NP (DT a) (NN suit)) (PRT (RP on))) (. .) (CONJP (CC And) (RB then)) (VP (VP (VB come) (ADVP-DIR (RB home))) (CC and) (VP (VB get) (PP (ADVP (RB back)) (IN into) (NP (JJ regular) (NNS clothes))) (ADVP (RB again)))))) (. .) (-DFL- E_S))",24|||25
sw02utt/sw_0258_2008.utt,2/sw2008,2008,21,b,B,14,1,Uh-huh. /,[ Uh-huh/UH ] ./.,(INTJ (UH Uh-huh) (. .) (-DFL- E_S)),22,38.743875,39.263125
sw02utt/sw_0258_2008.utt,2/sw2008,2008,22,+,A,15,1,And then come home and get back into regular clothes again <laughter>. /,And/CC then/RB come/VB  [ home/RB ] and/CC get/VB back/RB into/IN  [ regular/JJ clothes/NNS ] again/RB ./.,"(S (ADVP (RB then)) (SBAR-TMP (WHADVP-4 (WRB whenever)) (S (NP-SBJ (PRP I)) (VP (VBP have) (NP (NP (DT a) (NN meeting)) (PP (IN with) (NP (DT a) (NN client)))) (ADVP-TMP (-NONE- *T*-4))))) (, ,) (NP-SBJ (PRP I)) (VP (MD 'll) (VP (VP (VB put) (NP (DT a) (NN suit)) (PRT (RP on))) (. .) (CONJP (CC And) (RB then)) (VP (VP (VB come) (ADVP-DIR (RB home))) (CC and) (VP (VB get) (PP (ADVP (RB back)) (IN into) (NP (JJ regular) (NNS clothes))) (ADVP (RB again)))))) (. .) (-DFL- E_S))",25
sw02utt/sw_0258_2008.utt,2/sw2008,2008,23,b,B,16,1,Uh-huh.  /,[ Uh-huh/UH ] ./.,(INTJ (UH Uh-huh) (. .) (-DFL- E_S)),22,42.73275,54.886625
sw02utt/sw_0258_2008.utt,2/sw2008,2008,24,sd,B,16,2,"{F Um, } {D you know, } there's [ real no, + no real ] dress code where I work.  /","[ Um/UH ] ,/,  [ you/PRP ] know/VBP ,/,  [ there/EX ] 's/BES real/JJ no/DT ,/,  [ no/DT real/JJ dress/NN code/NN ] where/WRB  [ I/PRP ] work/VBP ./.","(S (INTJ (UH Um)) (PRN (, ,) (S (NP-SBJ (PRP you)) (VP (VBP know))) (, ,)) (NP-SBJ (EX there)) (VP (BES 's) (EDITED (RM (-DFL- \[)) (NP-PRD-UNF (JJ real) (DT no)) (, ,) (IP (-DFL- \+))) (NP-PRD (DT no) (JJ real) (RS (-DFL- \])) (NN dress) (NN code)) (SBAR-LOC (WHADVP-1 (WRB where)) (S (NP-SBJ (PRP I)) (VP (VBP work) (ADVP-LOC (-NONE- *T*-1)))))) (. .) (-DFL- E_S))",37,42.73275,54.886625
sw02utt/sw_0258_2008.utt,2/sw2008,2008,25,sd,B,16,3,"{F Um, } you see people wearing, {D you know, } all different attire.  /","[ Um/UH ] ,/,  [ you/PRP ] see/VBP  [ people/NNS ] wearing/VBG ,/,  [ you/PRP ] know/VBP ,/,  [ all/RB different/JJ attire/NN ] ./.","(S (INTJ (UH Um)) (, ,) (NP-SBJ (PRP you)) (VP (VBP see) (NP (NP (NNS people)) (VP (VBG wearing) (PRN (, ,) (S (NP-SBJ (PRP you)) (VP (VBP know))) (, ,)) (NP (RB all) (JJ different) (NN attire))))) (. .) (-DFL- E_S))",38,42.73275,54.886625
sw02utt/sw_0258_2008.utt,2/sw2008,2008,26,sd,B,16,4,"I, {F um, } don't like  to wear heels, that really tires me out.  /","[ I/PRP ] ,/, um/UH ,/, do/VBP n't/RB like/VB to/TO wear/VB  [ heels/NNS ] ,/,  [ that/DT ] really/RB tires/VBZ  [ me/PRP ] out/RP ./.","(S (NP-SBJ-1 (PRP I)) (, ,) (INTJ (UH um)) (, ,) (VP (VBP do) (RB n't) (VP (VB like) (S (NP-SBJ (-NONE- *-1)) (VP (TO to) (VP (VB wear) (NP (NNS heels))))))) (, ,))|||(S (NP-SBJ (DT that)) (ADVP (RB really)) (VP (VBZ tires) (NP (PRP me)) (PRT (RP out))) (. .) (-DFL- E_S))",39|||40,42.73275,54.886625
sw02utt/sw_0258_2008.utt,2/sw2008,2008,27,sd,B,16,5,I work in a big building. /,[ I/PRP ] work/VBP in/IN  [ a/DT big/JJ building/NN ] ./.,(S (NP-SBJ (PRP I)) (VP (VBP work) (PP-LOC (IN in) (NP (DT a) (JJ big) (NN building)))) (. .) (-DFL- E_S)),41,42.73275,54.886625
sw02utt/sw_0258_2008.utt,2/sw2008,2008,28,b,A,17,1,Yeah. /,Yeah/UH ./.,(INTJ (UH Yeah) (. .) (-DFL- E_S)),12,54.90125,55.2525
sw02utt/sw_0258_2008.utt,2/sw2008,2008,29,sd,B,18,1,"{C So, }  I predominantly wear flat shoes.  /","So/RB ,/,  [ I/PRP ] predominantly/RB wear/VBP  [ flat/JJ shoes/NNS ] ./.","(S (RB So) (, ,) (NP-SBJ (PRP I)) (ADVP (RB predominantly)) (VP (VBP wear) (NP (JJ flat) (NNS shoes))) (. .) (-DFL- E_S))",45,55.52575,64.00975
sw02utt/sw_0258_2008.utt,2/sw2008,2008,30,sd,B,18,2,"{F Um, } {D you know, } in the winter I wear sweaters,  /","Um/UH ,/,  [ you/PRP ] know/VBP ,/, in/IN  [ the/DT winter/NN ] [ I/PRP ] wear/VBP  [ sweaters/NNS ] ,/,","(S (INTJ (UH Um)) (PRN (, ,) (S (NP-SBJ (PRP you)) (VP (VBP know))) (, ,)) (PP-TMP (IN in) (NP (DT the) (NN winter))) (NP-SBJ (PRP I)) (VP (VBP wear) (NP (NNS sweaters))) (, ,) (-DFL- E_S))",46,55.52575,64.00975
sw02utt/sw_0258_2008.utt,2/sw2008,2008,31,sd,B,18,3,"in summer [ I, + {D you know, } I ] like one piece dresses, short sleeves, things like that. /","in/IN  [ summer/NN ] [ I/PRP ] ,/,  [ you/PRP ] know/VBP ,/,  [ I/PRP ] like/VBP  [ one/CD piece/NN dresses/NNS ] ,/,  [ short/JJ sleeves/NNS ] ,/,  [ things/NNS ] like/IN  [ that/DT ] ./.","(S (PP-TMP (IN in) (NP (NN summer))) (EDITED (RM (-DFL- \[)) (NP-SBJ (PRP I)) (, ,) (IP (-DFL- \+))) (PRN (S (NP-SBJ (PRP you)) (VP (VBP know))) (, ,)) (NP-SBJ (PRP I)) (RS (-DFL- \])) (VP (VBP like) (NP (NP (CD one) (NN piece) (NNS dresses)) (, ,) (NP (JJ short) (NNS sleeves)) (, ,) (NP (NP (NNS things)) (PP (IN like) (NP (DT that)))))) (. .) (-DFL- E_S))",47,55.52575,64.00975
sw02utt/sw_0258_2008.utt,2/sw2008,2008,32,sd,A,19,1,"I've recently, {F um, } tried to update my wardrobe, trying to put suits together that I can interchange, the,","[ I/PRP ] 've/VBP recently/RB ,/, um/UH ,/, tried/VBN to/TO update/VB  [ my/PRP$ wardrobe/NN ] ,/, trying/VBG to/TO put/VB  [ suits/NNS ] together/RB that/WDT  [ I/PRP ] can/MD interchange/VB ,/,  [ the/DT ] ,/,","(S (NP-SBJ-1 (PRP I)) (VP (VBP 've) (ADVP-TMP (RB recently)) (, ,) (INTJ (UH um)) (, ,) (VP (VBN tried) (S (NP-SBJ (-NONE- *-1)) (VP (TO to) (VP (VB update) (NP (PRP$ my) (NN wardrobe))))) (, ,) (S-ADV (NP-SBJ-4 (-NONE- *-1)) (VP (VBG trying) (S (NP-SBJ (-NONE- *-4)) (VP (TO to) (VP (VB put) (NP (NP (NNS suits)) (SBAR (-NONE- *ICH*-2))) (ADVP (RB together)) (SBAR-2 (WHNP-3 (WDT that)) (S (NP-SBJ (PRP I)) (VP (MD can) (VP (VB interchange) (, ,) (NP (NP (-NONE- *T*-3)) (NP (NP (DT the) (, ,) (NNS jackets)) (CC and) (NP (DT the) (NNS blouses)) (CC and) (NP (PDT all) (DT that)))) (NP-ADV (DT a) (NN lot))))))))))))) (. .) (-DFL- E_S))",49,64.83325,73.63175
sw02utt/sw_0258_2008.utt,2/sw2008,2008,33,b,B,20,1,Right. /,[ Right/UH ] ./.,(INTJ (UH Right) (. .) (-DFL- E_S)),51,71.241125,71.73875
sw02utt/sw_0258_2008.utt,2/sw2008,2008,34,+,A,21,1,jackets and the blouses and all that a lot. /,[ jackets/NNS ] and/CC  [ the/DT blouses/NNS ] and/CC  [ all/PDT ] that/DT  [ a/DT lot/NN ] ./.,"(S (NP-SBJ-1 (PRP I)) (VP (VBP 've) (ADVP-TMP (RB recently)) (, ,) (INTJ (UH um)) (, ,) (VP (VBN tried) (S (NP-SBJ (-NONE- *-1)) (VP (TO to) (VP (VB update) (NP (PRP$ my) (NN wardrobe))))) (, ,) (S-ADV (NP-SBJ-4 (-NONE- *-1)) (VP (VBG trying) (S (NP-SBJ (-NONE- *-4)) (VP (TO to) (VP (VB put) (NP (NP (NNS suits)) (SBAR (-NONE- *ICH*-2))) (ADVP (RB together)) (SBAR-2 (WHNP-3 (WDT that)) (S (NP-SBJ (PRP I)) (VP (MD can) (VP (VB interchange) (, ,) (NP (NP (-NONE- *T*-3)) (NP (NP (DT the) (, ,) (NNS jackets)) (CC and) (NP (DT the) (NNS blouses)) (CC and) (NP (PDT all) (DT that)))) (NP-ADV (DT a) (NN lot))))))))))))) (. .) (-DFL- E_S))",49
sw02utt/sw_0258_2008.utt,2/sw2008,2008,35,b,B,22,1,Right. /,[ Right/UH ] ./.,(INTJ (UH Right) (. .) (-DFL- E_S)),51,73.7705,74.29525
sw02utt/sw_0258_2008.utt,2/sw2008,2008,36,sd,A,23,1,"That's helped me a lot with having, - /","[ That/DT ] 's/HVS helped/VBN  [ me/PRP ] [ a/DT lot/NN ] with/IN having/VBG ,/,","(S (NP-SBJ (DT That)) (VP (HVS 's) (VP (VBN helped) (NP (PRP me)) (NP-ADV (DT a) (NN lot)) (PP (IN with) (S-NOM (NP-SBJ (-NONE- *)) (VP-UNF (VBG having)))))) (, ,) (-DFL- N_S))",56,74.227625,80.2165
sw02utt/sw_0258_2008.utt,2/sw2008,2008,37,sd,A,23,2,"I can only have [ a, + a ] limited wardrobe, since I'm only,","[ I/PRP ] can/MD only/RB have/VB  [ a/DT ] ,/,  [ a/DT limited/JJ wardrobe/NN ] ,/, since/IN  [ I/PRP ] 'm/VBP only/JJ ,/,","(S (NP-SBJ (PRP I)) (VP (MD can) (ADVP (RB only)) (VP (VB have) (EDITED (RM (-DFL- \[)) (NP-UNF (DT a)) (, ,) (IP (-DFL- \+))) (NP (DT a) (RS (-DFL- \])) (JJ limited) (NN wardrobe)) (, ,) (SBAR-PRP (IN since) (S (NP-SBJ (PRP I)) (VP (VBP 'm) (ADVP (JJ only)) (, ,) (VP (VBG working) (ADVP (RB part-time)) (ADVP-TMP (RB right) (RB now)))))))) (. .) (-DFL- E_S))",57,74.227625,80.2165
sw02utt/sw_0258_2008.utt,2/sw2008,2008,38,b,B,24,1,Uh-huh. /,[ Uh-huh/UH ] ./.,(INTJ (UH Uh-huh) (. .) (-DFL- E_S)),30,78.730625,79.024625
sw02utt/sw_0258_2008.utt,2/sw2008,2008,39,+,A,25,1,working part-time right now. /,working/VBG  [ part-time/RB ] right/RB now/RB ./.,"(S (NP-SBJ (PRP I)) (VP (MD can) (ADVP (RB only)) (VP (VB have) (EDITED (RM (-DFL- \[)) (NP-UNF (DT a)) (, ,) (IP (-DFL- \+))) (NP (DT a) (RS (-DFL- \])) (JJ limited) (NN wardrobe)) (, ,) (SBAR-PRP (IN since) (S (NP-SBJ (PRP I)) (VP (VBP 'm) (ADVP (JJ only)) (, ,) (VP (VBG working) (ADVP (RB part-time)) (ADVP-TMP (RB right) (RB now)))))))) (. .) (-DFL- E_S))",57
sw02utt/sw_0258_2008.utt,2/sw2008,2008,40,b,B,26,1,Uh-huh. /,[ Uh-huh/UH ] ./.,(INTJ (UH Uh-huh) (. .) (-DFL- E_S)),33,80.19225,80.625375
sw02utt/sw_0258_2008.utt,2/sw2008,2008,41,sd,A,27,1,"{F Um, } {C but } still, it gives it some variety.","Um/UH ,/, but/CC still/RB ,/,  [ it/PRP ] gives/VBZ  [ it/PRP ] [ some/DT variety/NN ] ./.","(S (INTJ (UH Um)) (, ,) (CC but) (ADVP (RB still)) (, ,) (NP-SBJ (PRP it)) (VP (VBZ gives) (NP (PRP it)) (NP (DT some) (NN variety))) (. .))",64,80.660875,87.129375
sw02utt/sw_0258_2008.utt,2/sw2008,2008,42,b,B,28,1,Uh-huh. /,[ Uh-huh/UH ] ./.,(INTJ (UH Uh-huh) (. .) (-DFL- E_S)),36,82.846625,83.314125
sw02utt/sw_0258_2008.utt,2/sw2008,2008,43,+,A,29,1,Add different blouses and scarves and belts and things like that. /,Add/VB  [ different/JJ blouses/NNS ] and/CC  [ scarves/NNS ] and/CC  [ belts/NNS ] and/CC  [ things/NNS ] like/IN  [ that/DT ] ./.,(S (NP-SBJ (-NONE- *)) (VP (VB Add) (NP (NP (JJ different) (NNS blouses)) (CC and) (NP (NNS scarves)) (CC and) (NP (NNS belts)) (CC and) (NP (NP (NNS things)) (PP (IN like) (NP (DT that)))))) (. .) (-DFL- E_S)),65
sw02utt/sw_0258_2008.utt,2/sw2008,2008,44,b,B,30,1,"Right,  /","Right/UH ,/,","(INTJ (UH Right) (, ,) (-DFL- E_S))",70,86.694875,88.630125
sw02utt/sw_0258_2008.utt,2/sw2008,2008,45,b^r,B,30,2,"right,  /","right/UH ,/,","(INTJ (UH right) (, ,) (-DFL- E_S))",71,86.694875,88.630125
sw02utt/sw_0258_2008.utt,2/sw2008,2008,46,b,B,30,3,"accessories,  /","[ accessories/NNS ] ,/,","(NP (NNS accessories) (, ,) (-DFL- E_S))",72,86.694875,88.630125
sw02utt/sw_0258_2008.utt,2/sw2008,2008,47,b,B,30,4,uh-huh. /,[ uh-huh/UH ] ./.,(INTJ (UH uh-huh) (. .) (-DFL- E_S)),73,86.694875,88.630125
sw02utt/sw_0258_2008.utt,2/sw2008,2008,48,qo,A,31,1,What about your casual wear?  /,[ What/WP ] about/IN  [ your/PRP$ casual/JJ wear/NN ] ?/.,(FRAG (WHNP (WP What)) (PP (IN about) (NP (PRP$ your) (JJ casual) (NN wear))) (. ?) (-DFL- E_S)),75,92.032625,96.498625
sw02utt/sw_0258_2008.utt,2/sw2008,2008,49,qy,A,31,2,Do you like to wear jeans most of the time? /,Do/VBP  [ you/PRP ] like/VB to/TO wear/VB  [ jeans/NNS ] most/JJS of/IN  [ the/DT time/NN ] ?/.,(SQ (VBP Do) (NP-SBJ-1 (PRP you)) (VP (VB like) (S (NP-SBJ (-NONE- *-1)) (VP (TO to) (VP (VB wear) (NP (NNS jeans)) (NP-TMP (NP (JJS most)) (PP (IN of) (NP (DT the) (NN time)))))))) (. ?) (-DFL- E_S)),76,92.032625,96.498625
sw02utt/sw_0258_2008.utt,2/sw2008,2008,50,ny,B,32,1,"{F Um, } yeah  /","Um/UH ,/, yeah/UH","(INTJ (INTJ (UH Um)) (, ,) (INTJ (UH yeah)) (-DFL- E_S))",78,97.069,103.03175
sw02utt/sw_0258_2008.utt,2/sw2008,2008,51,na,B,32,2,mostly.  /,mostly/RB ./.,(ADVP (RB mostly) (. .) (-DFL- E_S)),79,97.069,103.03175
sw02utt/sw_0258_2008.utt,2/sw2008,2008,52,sd,B,32,3,"{E I mean, } at home I predominantly wear <<speaker laughs while saying remainder of statement>> sweatpants and things like that,","[ I/PRP ] mean/VBP ,/, at/IN  [ home/NN ] [ I/PRP ] predominantly/RB wear/VBP  [ sweatpants/NNS ] and/CC  [ things/NNS ] like/IN  [ that/DT ] ,/,","(S (PRN (S (NP-SBJ (PRP I)) (VP (VBP mean))) (, ,)) (PP-LOC (IN at) (NP (NN home))) (NP-SBJ (PRP I)) (ADVP (RB predominantly)) (VP (VBP wear) (NP (NP (NNS sweatpants)) (CC and) (NP (NP (NP (NNS things)) (PP (IN like) (NP (DT that)))) (, ,) (ADVP (RB also))))) (. .) (-DFL- E_S))",80,97.069,103.03175
sw02utt/sw_0258_2008.utt,2/sw2008,2008,53,b,A,33,1,Yeah. /,Yeah/UH ./.,(INTJ (UH Yeah) (. .) (-DFL- E_S)),82,102.314875,102.800875
sw02utt/sw_0258_2008.utt,2/sw2008,2008,54,+,B,34,1,also. /,also/RB ./.,"(S (PRN (S (NP-SBJ (PRP I)) (VP (VBP mean))) (, ,)) (PP-LOC (IN at) (NP (NN home))) (NP-SBJ (PRP I)) (ADVP (RB predominantly)) (VP (VBP wear) (NP (NP (NNS sweatpants)) (CC and) (NP (NP (NP (NNS things)) (PP (IN like) (NP (DT that)))) (, ,) (ADVP (RB also))))) (. .) (-DFL- E_S))",80
sw02utt/sw_0258_2008.utt,2/sw2008,2008,55,sd,A,35,1,"It's nice you can wear shorts, especially on a day like today when it's so  hot. /","[ It/PRP ] 's/BES nice/JJ  [ you/PRP ] can/MD wear/VB  [ shorts/NNS ] ,/, especially/RB on/IN  [ a/DT day/NN ] like/IN  [ today/NN ] when/WRB  [ it/PRP ] 's/BES so/RB hot/JJ ./.","(S (NP-SBJ (NP (PRP It)) (SBAR (-NONE- *EXP*-2))) (VP (BES 's) (ADJP-PRD (JJ nice)) (SBAR-2 (-NONE- 0) (S (NP-SBJ (PRP you)) (VP (MD can) (VP (VB wear) (NP (NNS shorts)))))) (, ,) (PP-TMP (ADVP (RB especially)) (IN on) (NP (NP (DT a) (NN day)) (PP (IN like) (NP (NN today))))) (SBAR-TMP (WHADVP-1 (WRB when)) (S (NP-SBJ (PRP it)) (VP (BES 's) (ADJP-PRD (RB so) (JJ hot)) (ADVP-TMP (-NONE- *T*-1)))))) (. .) (-DFL- E_S))",85,104.317125,107.55175
sw02utt/sw_0258_2008.utt,2/sw2008,2008,56,b,B,36,1,"Yeah,  /","Yeah/UH ,/,","(INTJ (UH Yeah) (, ,) (-DFL- E_S))",87,107.876375,110.1655
sw02utt/sw_0258_2008.utt,2/sw2008,2008,57,sd,B,36,2,"{D well, } [ they're, + {F um, } {D you know, } they're ] like Ber-, -/","well/UH ,/,  [ they/PRP ] 're/VBP ,/, um/UH ,/,  [ you/PRP ] know/VBP ,/,  [ they/PRP ] 're/VBP like/IN  [ Ber-/NNP ] ,/,","(S (INTJ (UH well)) (, ,) (EDITED (RM (-DFL- \[)) (S (NP-SBJ (PRP they)) (VP-UNF (VBP 're))) (, ,) (IP (-DFL- \+))) (INTJ (UH um)) (PRN (, ,) (S (NP-SBJ (PRP you)) (VP (VBP know))) (, ,)) (NP-SBJ (PRP they)) (VP (VBP 're) (RS (-DFL- \])) (PP-PRD (IN like) (NP-UNF (NNP Ber-)))) (, ,) (-DFL- N_S))",88,107.876375,110.1655
sw02utt/sw_0258_2008.utt,2/sw2008,2008,58,^2,A,37,1,Dress shorts. /,[ Dress/NN shorts/NNS ] ./.,(NP (NN Dress) (NNS shorts) (. .) (-DFL- E_S)),90,109.746375,110.559125
sw02utt/sw_0258_2008.utt,2/sw2008,2008,59,aa,B,38,1,"yeah,  /","yeah/UH ,/,","(INTJ (UH yeah) (, ,) (-DFL- E_S))",92,110.35375,112.943875
sw02utt/sw_0258_2008.utt,2/sw2008,2008,60,sd,B,38,2,"they're like black corduroy [ Ber-, + Bermuda ] shorts. /","[ they/PRP ] 're/VBP like/IN  [ black/JJ corduroy/JJ Ber-/NNP ] ,/,  [ Bermuda/NNP shorts/NNS ] ./.","(S (NP-SBJ (PRP they)) (VP (VBP 're) (INTJ (IN like)) (NP-PRD (JJ black) (JJ corduroy) (EDITED (RM (-DFL- \[)) (NNP Ber-) (, ,) (IP (-DFL- \+))) (NNP Bermuda) (RS (-DFL- \])) (NNS shorts))) (. .) (-DFL- E_S))",93,110.35375,112.943875
sw02utt/sw_0258_2008.utt,2/sw2008,2008,61,b,A,39,1,Yeah. /,Yeah/UH ./.,(INTJ (UH Yeah) (. .) (-DFL- E_S)),82,112.68,112.95
sw02utt/sw_0258_2008.utt,2/sw2008,2008,62,sd,B,40,1,"{C And } sometimes I wear a blazer with them,  /","And/CC sometimes/RB  [ I/PRP ] wear/VBP  [ a/DT blazer/NN ] with/IN  [ them/PRP ] ,/,","(S (CC And) (ADVP-TMP (RB sometimes)) (NP-SBJ (PRP I)) (VP (VBP wear) (NP (DT a) (NN blazer)) (PP (IN with) (NP (PRP them)))) (, ,) (-DFL- E_S))",97,113.293875,119.619375
sw02utt/sw_0258_2008.utt,2/sw2008,2008,63,sd,B,40,2,{C and } I get really a lot of compliments on them.  /,and/CC  [ I/PRP ] get/VBP really/RB  [ a/DT lot/NN ] of/IN  [ compliments/NNS ] on/IN  [ them/PRP ] ./.,(S (CC and) (NP-SBJ (PRP I)) (VP (VBP get) (ADVP (RB really)) (NP (NP (DT a) (NN lot)) (PP (IN of) (NP (NNS compliments)))) (PP (IN on) (NP (PRP them)))) (. .) (-DFL- E_S)),98,113.293875,119.619375
sw02utt/sw_0258_2008.utt,2/sw2008,2008,64,sd,B,40,3,"{F Um, } where I work is predominantly male. /","Um/UH ,/, where/WRB  [ I/PRP ] work/VBP is/VBZ predominantly/RB male/NN ./.","(S (INTJ (UH Um)) (, ,) (SBAR-SBJ (WHADVP-1 (WRB where)) (S (NP-SBJ (PRP I)) (VP (VBP work) (ADVP-LOC (-NONE- *T*-1))))) (VP (VBZ is) (ADJP-PRD (RB predominantly) (NN male))) (. .) (-DFL- E_S))",99,113.293875,119.619375
sw02utt/sw_0258_2008.utt,2/sw2008,2008,65,b,A,41,1,Yeah. /,Yeah/UH ./.,(INTJ (UH Yeah) (. .) (-DFL- E_S)),82,119.823125,120.110625
sw02utt/sw_0258_2008.utt,2/sw2008,2008,66,%,B,42,1,"{C So, } {D you know, } they, - /","So/RB ,/,  [ you/PRP ] know/VBP ,/,  [ they/PRP ] ,/,","(S-UNF (RB So) (PRN (, ,) (S (NP-SBJ (PRP you)) (VP (VBP know))) (, ,)) (NP-SBJ (PRP they)) (, ,) (-DFL- N_S))",103,120.21825,126.53975
sw02utt/sw_0258_2008.utt,2/sw2008,2008,67,sd,B,42,2,"their attire is always the same, {D you know. }  Suits or  slacks,","[ their/PRP$ attire/NN ] is/VBZ always/RB  [ the/DT same/JJ ] ,/,  [ you/PRP ] know/VBP ./.  [ Suits/NNS ] or/CC  [ slacks/NNS ] ,/,","(S (NP-SBJ (PRP$ their) (NN attire)) (VP (VBZ is) (ADVP-TMP (RB always)) (NP-PRD (DT the) (JJ same)) (PRN (, ,) (S (NP-SBJ (PRP you)) (VP (VBP know))))) (. .))|||(NP (NNS Suits) (CC or) (NNS slacks) (PRN (, ,) (S (NP-SBJ (PRP you)) (VP (VBP know))) (, ,)) (NNS jeans) (, ,) (WDT whatever) (. .) (-DFL- E_S))",104|||105,120.21825,126.53975
sw02utt/sw_0258_2008.utt,2/sw2008.pos,2008,68,x,A,43,1,<Laughter>.,./.
sw02utt/sw_0258_2008.utt,2/sw2008,2008,69,+,B,44,1,"{D you know, } jeans, whatever. /","[ you/PRP ] know/VBP ,/,  [ jeans/NNS ] ,/,  [ whatever/WDT ] ./.","(NP (NNS Suits) (CC or) (NNS slacks) (PRN (, ,) (S (NP-SBJ (PRP you)) (VP (VBP know))) (, ,)) (NNS jeans) (, ,) (WDT whatever) (. .) (-DFL- E_S))",105
sw02utt/sw_0258_2008.utt,2/sw2008,2008,70,b,A,45,1,"(( Yeah,  /","Yeah/UH ,/,","(INTJ (UH Yeah) (, ,) (-DFL- E_S))",87,126.70875,127.146625
sw02utt/sw_0258_2008.utt,2/sw2008,2008,71,%,A,45,2,"{C but } )) , -/","but/CC ,/,","(S-UNF (CC but) (, ,) (-DFL- N_S))",110,126.70875,127.146625
sw02utt/sw_0258_2008.utt,2/sw2008,2008,72,sd,B,46,1,"[ {C And, } +  {F um, } {C but } ] I'm really the only woman, I guess, at work that does that,  /","And/CC ,/, um/UH ,/, but/CC  [ I/PRP ] 'm/VBP really/RB  [ the/DT only/JJ woman/NN ] ,/,  [ I/PRP ] guess/VBP ,/, at/IN  [ work/NN ] [ that/WDT ] does/VBZ  [ that/DT ] ,/,","(S (EDITED (RM (-DFL- \[)) (CC And) (, ,) (IP (-DFL- \+))) (INTJ (UH um)) (, ,) (CC but) (RS (-DFL- \])) (NP-SBJ (PRP I)) (VP (VBP 'm) (ADVP (RB really)) (NP-PRD (NP (NP (DT the) (JJ only) (NN woman)) (PRN (, ,) (S (NP-SBJ (PRP I)) (VP (VBP guess))) (, ,)) (PP-LOC (IN at) (NP (NN work)))) (SBAR (WHNP-1 (WDT that)) (S (NP-SBJ (-NONE- *T*-1)) (VP (VBZ does) (NP (DT that))))))) (, ,) (-DFL- E_S))",112,126.53975,131.618875
sw02utt/sw_0258_2008.utt,2/sw2008,2008,73,sd,B,46,2,{C but } seems to work for me <breathing> <laughter>. /,but/CC seems/VBZ to/TO work/VB for/IN  [ me/PRP ] ./.,(S (CC but) (NP-SBJ-1 (-NONE- *)) (VP (VBZ seems) (S (NP-SBJ (-NONE- *-1)) (VP (TO to) (VP (VB work) (PP (IN for) (NP (PRP me))))))) (. .) (-DFL- E_S)),113,126.53975,131.618875
sw02utt/sw_0258_2008.utt,2/sw2008,2008,74,b,A,47,1,"<Laughter>   (( Yeah,  /","Yeah/UH ,/,","(INTJ (UH Yeah) (, ,) (-DFL- E_S))",87,132.42675,140.495125
sw02utt/sw_0258_2008.utt,2/sw2008,2008,75,%,A,47,2,{C but } )) . -/,but/CC ./.,(S-UNF (CC but) (. .) (-DFL- N_S)),116,132.42675,140.495125
sw02utt/sw_0258_2008.utt,2/sw2008,2008,76,sd,B,48,1,"In fact, [ I just bought, + [ I, + I ] just got ] a new outfit as a gift that, {F um, } - /","In/IN  [ fact/NN ] ,/,  [ I/PRP ] just/RB bought/VBD ,/,  [ I/PRP ] ,/,  [ I/PRP ] just/RB got/VBD  [ a/DT new/JJ outfit/NN ] as/IN  [ a/DT gift/NN ] that/WDT ,/, um/UH ,/,","(S (PP (IN In) (NP (NN fact))) (, ,) (EDITED (RM (-DFL- \[)) (S (NP-SBJ (PRP I)) (ADVP (RB just)) (VP-UNF (VBD bought))) (, ,) (IP (-DFL- \+))) (EDITED (RM (-DFL- \[)) (NP-SBJ (PRP I)) (, ,) (IP (-DFL- \+))) (NP-SBJ (PRP I)) (RS (-DFL- \])) (ADVP (RB just)) (VP (VBD got) (RS (-DFL- \])) (NP (NP (DT a) (JJ new) (NN outfit)) (SBAR-UNF (-NONE- *ICH*-1))) (PP (IN as) (NP (DT a) (NN gift))) (SBAR-UNF-1 (WHNP (WDT that))) (, ,) (INTJ (UH um))) (, ,) (-DFL- N_S))",118,132.27975,140.532875
sw02utt/sw_0258_2008.utt,2/sw2008,2008,77,sd,B,48,2,"it's one of those skorts,  /","[ it/PRP ] 's/BES  [ one/CD ] of/IN  [ those/DT skorts/NNS ] ,/,","(S (NP-SBJ (PRP it)) (VP (BES 's) (NP-PRD (NP (CD one)) (PP (IN of) (NP (DT those) (NNS skorts)))) (, ,) (-DFL- E_S) (PRN (S (NP-SBJ (PRP you)) (VP (VBP know))))) (, ,))",119,132.27975,140.532875
sw02utt/sw_0258_2008.utt,2/sw2008,2008,78,%,B,48,3,"{D you know, } th-, - /","[ you/PRP ] know/VBP ,/,  [ th-/XX ] ,/,","(S (NP-SBJ (PRP it)) (VP (BES 's) (NP-PRD (NP (CD one)) (PP (IN of) (NP (DT those) (NNS skorts)))) (, ,) (-DFL- E_S) (PRN (S (NP-SBJ (PRP you)) (VP (VBP know))))) (, ,))|||(X (XX th-) (, ,) (-DFL- N_S))",119|||120,132.27975,140.532875
sw02utt/sw_0258_2008.utt,2/sw2008,2008,79,sd,B,48,4,it's shorts but it looks like a skirt. /,[ it/PRP ] [ 's/BES shorts/NNS ] but/CC  [ it/PRP ] looks/VBZ like/IN  [ a/DT skirt/NN ] ./.,(S (NP-SBJ (PRP it)) (VP (BES 's) (NP-PRD (NNS shorts))))|||(S (CC but) (NP-SBJ (PRP it)) (VP (VBZ looks) (PP (IN like) (NP (DT a) (NN skirt)))) (. .) (-DFL- E_S)),121|||122,132.27975,140.532875
sw02utt/sw_0258_2008.utt,2/sw2008,2008,80,b,A,49,1,Uh-huh. /,[ Uh-huh/UH ] ./.,(INTJ (UH Uh-huh) (. .) (-DFL- E_S)),124,140.495125,140.902375
sw02utt/sw_0258_2008.utt,2/sw2008,2008,81,sd,B,50,1,"{C So, }  I think that'll be good for work, too. /","So/RB ,/,  [ I/PRP ] think/VBP  [ that/DT ] 'll/MD be/VB good/JJ for/IN  [ work/NN ] ,/, too/RB ./.","(S (RB So) (, ,) (NP-SBJ (PRP I)) (VP (VBP think) (SBAR (-NONE- 0) (S (NP-SBJ (DT that)) (VP (MD 'll) (VP (VB be) (ADJP-PRD (JJ good)) (PP (IN for) (NP (NN work))) (, ,) (ADVP (RB too))))))) (. .) (-DFL- E_S))",126,141.282875,143.043125
sw02utt/sw_0258_2008.utt,2/sw2008,2008,82,b,A,51,1,"{F Oh, } yeah.  /","Oh/UH ,/, yeah/UH ./.","(INTJ (INTJ (UH Oh)) (, ,) (INTJ (UH yeah)) (. .) (-DFL- E_S))",128,142.843375,144.063375
sw02utt/sw_0258_2008.utt,2/sw2008,2008,83,sv,A,51,2,It'll be comfortable. /,[ It/PRP ] 'll/MD be/VB comfortable/JJ ./.,(S (NP-SBJ (PRP It)) (VP (MD 'll) (VP (VB be) (ADJP-PRD (JJ comfortable)))) (. .) (-DFL- E_S)),129,142.843375,144.063375
sw02utt/sw_0258_2008.utt,2/sw2008,2008,84,b,B,52,1,Yeah.  /,[ Yeah/UH ] ./.,(INTJ (UH Yeah) (. .) (-DFL- E_S)),101,144.039,146.8725
sw02utt/sw_0258_2008.utt,2/sw2008,2008,85,b^r,B,52,2,Yeah.  /,[ Yeah/UH ] ./.,(INTJ (UH Yeah) (. .) (-DFL- E_S)),101,144.039,146.8725
sw02utt/sw_0258_2008.utt,2/sw2008,2008,86,%,B,52,3,"{C So, } -/","So/RB ,/,","(S-UNF (RB So) (, ,) (-DFL- N_S))",133,144.039,146.8725
sw02utt/sw_0258_2008.utt,2/sw2008,2008,87,%,A,53,1,"I guess down here, {F uh, } - /","[ I/PRP ] guess/VBP down/IN here/RB ,/,  [ uh/UH ] ,/,","(S (NP-SBJ (PRP I)) (VP (VBP guess) (SBAR (-NONE- 0) (S-UNF (PP-LOC (IN down) (ADVP (RB here))))) (, ,) (INTJ (UH uh))) (, ,) (-DFL- N_S))",135,148.23325,153.841375
sw02utt/sw_0258_2008.utt,2/sw2008,2008,88,sd,A,53,2,"we just recently moved to Texas,  /","[ we/PRP ] just/RB recently/RB moved/VBD to/IN  [ Texas/NNP ] ,/,","(S (NP-SBJ (PRP we)) (ADVP-TMP (RB just) (RB recently)) (VP (VBD moved) (PP-DIR (IN to) (NP (NNP Texas)))) (, ,) (-DFL- E_S))",136,148.23325,153.841375
sw02utt/sw_0258_2008.utt,2/sw2008,2008,89,sd,A,53,3,{C so } my wardrobe has changed quite a bit. /,[ so/RB my/PRP$ wardrobe/NN ] has/VBZ changed/VBN quite/PDT  [ a/DT bit/NN ] ./.,(S (RB so) (NP-SBJ (PRP$ my) (NN wardrobe)) (VP (VBZ has) (VP (VBN changed) (NP-ADV (PDT quite) (DT a) (NN bit)))) (. .) (-DFL- E_S)),137,148.23325,153.841375
sw02utt/sw_0258_2008.utt,2/sw2008,2008,90,b,B,54,1,Uh-huh. /,[ Uh-huh/UH ] ./.,(INTJ (UH Uh-huh) (. .) (-DFL- E_S)),124,152.10375,152.310625
sw02utt/sw_0258_2008.utt,2/sw2008,2008,91,sd,A,55,1,"{F Um, } we moved from Colorado where, - /","Um/UH ,/,  [ we/PRP ] moved/VBD from/IN  [ Colorado/NNP ] where/WRB ,/,","(S (INTJ (UH Um)) (, ,) (NP-SBJ (PRP we)) (VP (VBD moved) (PP-DIR (IN from) (NP (NP (NNP Colorado)) (SBAR-UNF (WHADVP (WRB where)))))) (, ,) (-DFL- N_S))",141,154.342375,158.6925
sw02utt/sw_0258_2008.utt,2/sw2008,2008,92,sd,A,55,2,{C and } I have a closet full of sweaters. /,and/CC  [ I/PRP ] have/VBP  [ a/DT closet/NN ] full/JJ of/IN  [ sweaters/NNS ] ./.,(S (CC and) (NP-SBJ (PRP I)) (VP (VBP have) (NP (NP (DT a) (NN closet)) (ADJP (JJ full) (PP (IN of) (NP (NNS sweaters)))))) (. .) (-DFL- E_S)),142,154.342375,158.6925
sw02utt/sw_0258_2008.utt,2/sw2008,2008,93,b,B,56,1,Uh-huh. /,[ Uh-huh/UH ] ./.,(INTJ (UH Uh-huh) (. .) (-DFL- E_S)),124,158.718625,159.188625
sw02utt/sw_0258_2008.utt,2/sw2008,2008,94,%,A,57,1,"That, -/","[ That/DT ] ,/,","(S-UNF (NP-SBJ (DT That)) (, ,) (-DFL- N_S))",146,159.11425,159.33175
sw02utt/sw_0258_2008.utt,2/sw2008,2008,95,sd,B,58,1,"{D Well, } {D see, } I live in Virginia. /","Well/UH ,/, see/UH ,/,  [ I/PRP ] live/VBP in/IN  [ Virginia/NNP ] ./.","(S (INTJ (UH Well)) (, ,) (INTJ (UH see)) (, ,) (NP-SBJ (PRP I)) (VP (VBP live) (PP-LOC (IN in) (NP (NNP Virginia)))) (. .) (-DFL- E_S))",148,159.188625,160.315
sw02utt/sw_0258_2008.utt,2/sw2008,2008,96,qy^d,A,59,1,"You live in Virginia, now? /","[ You/PRP ] live/VBP in/IN  [ Virginia/NNP ] ,/, now/RB ?/.","(S (NP-SBJ (PRP You)) (VP (VBP live) (PP-LOC (IN in) (NP (NNP Virginia))) (, ,) (ADVP-TMP (RB now))) (. ?) (-DFL- E_S))",150,160.837625,163.213875
sw02utt/sw_0258_2008.utt,2/sw2008,2008,97,ny,B,60,1,Uh-huh. /,[ Uh-huh/UH ] ./.,(INTJ (UH Uh-huh) (. .) (-DFL- E_S)),124,163.347125,163.73925
sw02utt/sw_0258_2008.utt,2/sw2008,2008,98,ba,A,61,1,"{F Oh, } that's interesting. /","Oh/UH ,/,  [ that/DT ] 's/BES interesting/JJ ./.","(S (INTJ (UH Oh)) (, ,) (NP-SBJ (DT that)) (VP (BES 's) (ADJP-PRD (JJ interesting))) (. .) (-DFL- E_S))",154,163.74875,164.667
sw02utt/sw_0258_2008.utt,2/sw2008,2008,99,b,B,62,1,Yeah.  /,[ Yeah/UH ] ./.,(INTJ (UH Yeah) (. .) (-DFL- E_S)),131,164.581,169.0155
sw02utt/sw_0258_2008.utt,2/sw2008,2008,100,b^r,B,62,2,Yeah.  /,[ Yeah/UH ] ./.,(INTJ (UH Yeah) (. .) (-DFL- E_S)),131,164.581,169.0155
sw02utt/sw_0258_2008.utt,2/sw2008,2008,101,%,B,62,3,"{C So, }  I'm, - /","So/RB ,/,  [ I/PRP ] 'm/VBP ,/,","(S (RB So) (, ,) (NP-SBJ (PRP I)) (VP-UNF (VBP 'm) (, ,) (-DFL- N_S) (PRN (S (NP-SBJ (PRP you)) (VP (VBP know))))) (, ,))",158,164.581,169.0155
sw02utt/sw_0258_2008.utt,2/sw2008,2008,102,sd,B,62,4,"{D you know, } {D like } right now, today was in about, {D you know, } the fifties. /","[ you/PRP ] know/VBP ,/, like/UH right/RB now/RB ,/,  [ today/NN ] was/VBD in/IN about/RB ,/,  [ you/PRP ] know/VBP ,/,  [ the/DT fifties/NNS ] ./.","(S (RB So) (, ,) (NP-SBJ (PRP I)) (VP-UNF (VBP 'm) (, ,) (-DFL- N_S) (PRN (S (NP-SBJ (PRP you)) (VP (VBP know))))) (, ,))|||(S (INTJ (UH like)) (ADVP-TMP (RB right) (RB now)) (, ,) (NP-SBJ (NN today)) (VP (VBD was) (PP-PRD (IN in) (NP (RB about) (PRN (, ,) (S (NP-SBJ (PRP you)) (VP (VBP know))) (, ,)) (DT the) (NNS fifties)))) (. .) (-DFL- E_S))",158|||159,164.581,169.0155
sw02utt/sw_0258_2008.utt,2/sw2008,2008,103,b,A,63,1,Uh-huh. /,[ Uh-huh/UH ] ./.,(INTJ (UH Uh-huh) (. .) (-DFL- E_S)),139,169.1465,169.50375
sw02utt/sw_0258_2008.utt,2/sw2008,2008,104,sd,B,64,1,"{C But, }  {F um, } {D you know, } [ I, +  I ] do wear a lot of sweaters and things like sweater dresses. /","But/CC ,/, um/UH ,/,  [ you/PRP ] know/VBP ,/,  [ I/PRP ] ,/,  [ I/PRP ] do/VBP wear/VB  [ a/DT lot/NN ] of/IN  [ sweaters/NNS ] and/CC  [ things/NNS ] like/IN  [ sweater/NN dresses/NNS ] ./.","(S (CC But) (, ,) (INTJ (UH um)) (PRN (, ,) (S (NP-SBJ (PRP you)) (VP (VBP know))) (, ,)) (EDITED (RM (-DFL- \[)) (NP-SBJ (PRP I)) (, ,) (IP (-DFL- \+))) (NP-SBJ (PRP I)) (RS (-DFL- \])) (VP (VBP do) (VP (VB wear) (NP (NP (DT a) (NN lot)) (PP (IN of) (NP (NP (NNS sweaters)) (CC and) (NP (NP (NNS things)) (PP (IN like) (NP (NN sweater) (NNS dresses))))))))) (. .) (-DFL- E_S))",163,169.76875,174.413875
sw02utt/sw_0258_2008.utt,2/sw2008,2008,105,b,A,65,1,Yeah.  /,Yeah/UH ./.,(INTJ (UH Yeah) (. .) (-DFL- E_S)),156,174.290625,178.939125
sw02utt/sw_0258_2008.utt,2/sw2008,2008,106,sd,A,65,2,I'd like to be able to wear those here.  /,[ I/PRP ] 'd/MD like/VB to/TO be/VB able/JJ to/TO wear/VB  [ those/DT ] here/RB ./.,(S (NP-SBJ-1 (PRP I)) (VP (MD 'd) (VP (VB like) (S (NP-SBJ-2 (-NONE- *-1)) (VP (TO to) (VP (VB be) (ADJP-PRD (JJ able) (S (NP-SBJ (-NONE- *-2)) (VP (TO to) (VP (VB wear) (NP (DT those)) (ADVP-LOC (RB here))))))))))) (. .) (-DFL- E_S)),166,174.290625,178.939125
sw02utt/sw_0258_2008.utt,2/sw2008,2008,107,sd,A,65,3,Today it's eighty-eight degrees. /,[ Today/NN ] [ it/PRP ] [ 's/BES eighty-eight/CD degrees/NNS ] ./.,(S (NP-TMP (NN Today)) (NP-SBJ (PRP it)) (VP (BES 's) (NP-PRD (CD eighty-eight) (NNS degrees))) (. .) (-DFL- E_S)),167,174.290625,178.939125
sw02utt/sw_0258_2008.utt,2/sw2008,2008,108,ba,B,66,1,"{F Oh, } my <laughter>. /","Oh/UH ,/,  [ my/UH ] ./.","(INTJ (INTJ (UH Oh)) (, ,) (INTJ (UH my)) (. .) (-DFL- E_S))",169,178.92025,179.48125
sw02utt/sw_0258_2008.utt,2/sw2008,2008,109,%,A,67,1,"{D So } <laughter>, -/","So/RB ,/,","(INTJ (UH So) (, ,) (-DFL- N_S))",171,179.734875,179.972875
sw02utt/sw_0258_2008.utt,2/sw2008,2008,110,b,B,68,1,Uh-huh. /,[ Uh-huh/UH ] ./.,(INTJ (UH Uh-huh) (. .) (-DFL- E_S)),144,180.53475,180.95025
sw02utt/sw_0258_2008.utt,2/sw2008,2008,111,sd,A,69,1,"Needless to say, my sweaters have been hung in the closet for quite a while now <laughter>. /","[ Needless/RB ] to/TO say/VB ,/,  [ my/PRP$ sweaters/NNS ] have/VBP been/VBN hung/VBN in/IN  [ the/DT closet/NN ] for/IN quite/PDT  [ a/DT while/NN ] now/RB ./.","(S (ADJP (RB Needless) (S (NP-SBJ (-NONE- *)) (VP (TO to) (VP (VB say))))) (, ,) (NP-SBJ-1 (PRP$ my) (NNS sweaters)) (VP (VBP have) (VP (VBN been) (VP (VBN hung) (NP (-NONE- *-1)) (PP-LOC (IN in) (NP (DT the) (NN closet))) (PP-TMP (IN for) (NP (PDT quite) (DT a) (NN while))) (ADVP-TMP (RB now))))) (. .) (-DFL- E_S))",175,181.199,186.10375
sw02utt/sw_0258_2008.utt,2/sw2008,2008,112,b,B,70,1,Uh-huh. /,[ Uh-huh/UH ] ./.,(INTJ (UH Uh-huh) (. .) (-DFL- E_S)),152,185.976875,186.458125
sw02utt/sw_0258_2008.utt,2/sw2008,2008,113,sd,A,71,1,"Today was, {F uh, } definitely a shorts day around here. /","[ Today/NN ] was/VBD ,/,  [ uh/UH ] ,/, definitely/RB  [ a/DT shorts/NNS day/NN ] around/IN here/RB ./.","(S (NP-SBJ (NN Today)) (VP (VBD was) (, ,) (INTJ (UH uh)) (, ,) (ADVP (RB definitely)) (NP-PRD (DT a) (NNS shorts) (NN day)) (PP-LOC (IN around) (ADVP (RB here)))) (. .) (-DFL- E_S))",179,188.12675,191.392875
sw02utt/sw_0258_2008.utt,2/sw2008,2008,114,b,B,72,1,Uh-huh. /,[ Uh-huh/UH ] ./.,(INTJ (UH Uh-huh) (. .) (-DFL- E_S)),152,191.56475,192.029125
sw02utt/sw_0258_2008.utt,2/sw2008.pos,2008,115,x,A,73,1,<Throat_clearing>.,./.
sw02utt/sw_0258_2008.utt,2/sw2008,2008,116,b,B,74,1,"Yeah,  /","Yeah/UH ,/,","(INTJ (UH Yeah) (, ,) (-DFL- E_S))",184,193.30125,196.8675
sw02utt/sw_0258_2008.utt,2/sw2008,2008,117,sd,B,74,2,"we're still pretty much, {D you know, } in winter, as far as that goes here. /","[ we/PRP ] 're/VBP still/RB pretty/RB much/JJ ,/,  [ you/PRP ] know/VBP ,/, in/IN  [ winter/NN ] ,/, as/RB far/RB as/IN  [ that/DT ] goes/VBZ here/RB ./.","(S (NP-SBJ (PRP we)) (VP (VBP 're) (ADVP-TMP (RB still)) (ADVP (RB pretty) (JJ much)) (PRN (, ,) (S (NP-SBJ (PRP you)) (VP (VBP know))) (, ,)) (PP-PRD (IN in) (NP (NN winter))) (, ,) (ADVP (ADVP (RB as) (RB far)) (SBAR (IN as) (S (NP-SBJ (DT that)) (VP (VBZ goes) (ADVP-LOC (RB here))))))) (. .) (-DFL- E_S))",185,193.30125,196.8675
sw02utt/sw_0258_2008.utt,2/sw2008,2008,118,sd,A,75,1,"This is pretty [ un-, +  unseasonal, ]  /","[ This/DT ] is/VBZ pretty/RB un/JJ ,/,  [ unseasonal/JJ ] ,/,","(S (NP-SBJ (DT This)) (VP (VBZ is) (ADJP-PRD (RB pretty) (EDITED (RM (-DFL- \[)) (JJ un-) (, ,) (IP (-DFL- \+))) (JJ unseasonal)) (, ,) (RS (-DFL- \]))) (-DFL- E_S))",187,197.401,207.838125
sw02utt/sw_0258_2008.utt,2/sw2008,2008,119,%,A,75,2,"{C but, }  {F uh, } at least, we, - /","but/CC ,/,  [ uh/UH ] ,/, at/IN  [ least/JJS ] ,/,  [ we/PRP ] ,/,","(S-UNF (CC but) (, ,) (INTJ (UH uh)) (, ,) (ADVP (IN at) (JJS least)) (, ,) (NP-SBJ (PRP we)) (, ,) (-DFL- N_S))",188,197.401,207.838125
sw02utt/sw_0258_2008.utt,2/sw2008,2008,120,sd,A,75,3,"{D you know, } [ [ it, + it, ] + it ] feels good,  /","[ you/PRP ] know/VBP ,/,  [ it/PRP ] ,/,  [ it/PRP ] ,/,  [ it/PRP ] feels/VBZ  [ good/JJ ] ,/,","(S (PRN (S (NP-SBJ (PRP you)) (VP (VBP know))) (, ,)) (EDITED (RM (-DFL- \[)) (EDITED (RM (-DFL- \[)) (NP-SBJ (PRP it)) (, ,) (IP (-DFL- \+))) (NP-SBJ (PRP it)) (, ,) (RS (-DFL- \])) (IP (-DFL- \+))) (NP-SBJ (PRP it)) (RS (-DFL- \])) (VP (VBZ feels) (ADJP-PRD (JJ good))) (, ,) (-DFL- E_S))",189,197.401,207.838125
sw02utt/sw_0258_2008.utt,2/sw2008,2008,121,%,A,75,4,"it gets, {F uh, } - /","[ it/PRP ] gets/VBZ ,/,  [ uh/UH ] ,/,","(S (NP-SBJ (PRP it)) (VP-UNF (VBZ gets) (, ,) (INTJ (UH uh))) (, ,) (-DFL- N_S))",190,197.401,207.838125
sw02utt/sw_0258_2008.utt,2/sw2008,2008,122,sd,A,75,5,everybody doesn't have cabin fever today.  /,[ everybody/NN ] does/VBZ n't/RB have/VB  [ cabin/NN fever/NN today/NN ] ./.,(S (NP-SBJ (NN everybody)) (VP (VBZ does) (RB n't) (VP (VB have) (NP (NN cabin) (NN fever)) (NP-TMP (NN today)))) (. .) (-DFL- E_S)),191,197.401,207.838125
sw02utt/sw_0258_2008.utt,2/sw2008,2008,123,sd,A,75,6,"It's nice to get,","[ It/PRP ] 's/BES nice/JJ to/TO get/VB ,/,","(S (NP-SBJ (NP (PRP It)) (S (-NONE- *EXP*-1))) (VP (BES 's) (ADJP-PRD (JJ nice)) (S-1 (NP-SBJ (-NONE- *)) (VP (TO to) (VP (VB get) (, ,) (ADVP (RB out) (CC and) (RB about)))))) (. .) (-DFL- E_S))",192,197.401,207.838125
sw02utt/sw_0258_2008.utt,2/sw2008,2008,124,b,B,76,1,Uh-huh. /,[ Uh-huh/UH ] ./.,(INTJ (UH Uh-huh) (. .) (-DFL- E_S)),173,206.9315,207.2975
sw02utt/sw_0258_2008.utt,2/sw2008,2008,125,+,A,77,1,out and about. /,out/RB and/CC about/RB ./.,"(S (NP-SBJ (NP (PRP It)) (S (-NONE- *EXP*-1))) (VP (BES 's) (ADJP-PRD (JJ nice)) (S-1 (NP-SBJ (-NONE- *)) (VP (TO to) (VP (VB get) (, ,) (ADVP (RB out) (CC and) (RB about)))))) (. .) (-DFL- E_S))",192
sw02utt/sw_0258_2008.utt,2/sw2008,2008,126,b,B,78,1,Uh-huh.  /,[ Uh-huh/UH ] ./.,(INTJ (UH Uh-huh) (. .) (-DFL- E_S)),173,208.162375,214.19175
sw02utt/sw_0258_2008.utt,2/sw2008,2008,127,sv^t,B,78,2,I guess we've discussed everything there is about clothing <laughter>. /,[ I/PRP ] guess/VBP  [ we/PRP ] 've/VBP discussed/VBN  [ everything/NN ] [ there/EX ] is/VBZ about/IN  [ clothing/NN ] ./.,(S (NP-SBJ (PRP I)) (VP (VBP guess) (SBAR (-NONE- 0) (S (NP-SBJ (PRP we)) (VP (VBP 've) (VP (VBN discussed) (NP (NP (NP (NN everything)) (PP (-NONE- *ICH*-2))) (SBAR (WHNP-1 (-NONE- 0)) (S (NP-SBJ (EX there)) (VP (VBZ is) (NP-PRD (-NONE- *T*-1)))))) (PP-2 (IN about) (NP (NN clothing)))))))) (. .) (-DFL- E_S)),198,208.162375,214.19175
sw02utt/sw_0258_2008.utt,2/sw2008,2008,128,b,A,79,1,Okay. /,Okay/UH ./.,(INTJ (UH Okay) (. .) (-DFL- E_S)),200,213.919875,214.5735
sw02utt/sw_0258_2008.utt,2/sw2008.pos,2008,129,x,B,80,1,<Laughter>.,./.
sw02utt/sw_0258_2008.utt,2/sw2008,2008,130,sv,A,81,1,Sounds good. /,[ Sounds/VBZ ] good/JJ ./.,(S (NP-SBJ (-NONE- *)) (VP (VBZ Sounds) (ADJP-PRD (JJ good))) (. .) (-DFL- E_S)),203,214.92,215.651125
sw02utt/sw_0258_2008.utt,2/sw2008,2008,131,bh,B,82,1,Okay? /,Okay/UH ?/.,(INTJ (UH Okay) (. ?) (-DFL- E_S)),205,215.685875,216.208875
sw02utt/sw_0258_2008.utt,2/sw2008,2008,132,fc,A,83,1,It was nice talking to you. /,[ It/PRP ] was/VBD nice/RB talking/VBG to/IN  [ you/PRP ] ./.,(S (NP-SBJ (NP (PRP It)) (S (-NONE- *EXP*-1))) (VP (VBD was) (ADJP-PRD (RB nice)) (S-1 (NP-SBJ (-NONE- *)) (VP (VBG talking) (PP (IN to) (NP (PRP you)))))) (. .) (-DFL- E_S)),207,215.651125,217.141
sw02utt/sw_0258_2008.utt,2/sw2008,2008,133,fc,B,84,1,"Okay,  /","Okay/UH ,/,","(INTJ (UH Okay) (, ,) (-DFL- E_S))",209,216.90575,218.31425
sw02utt/sw_0258_2008.utt,2/sw2008,2008,134,fc,B,84,2,"it was nice talking to you, also. /","[ it/PRP ] was/VBD nice/RB talking/VBG to/IN  [ you/PRP ] ,/, also/RB ./.","(S (NP-SBJ (NP (PRP it)) (S (-NONE- *EXP*-1))) (VP (VBD was) (ADJP-PRD (RB nice)) (S-1 (NP-SBJ (-NONE- *)) (VP (VBG talking) (PP (IN to) (NP (PRP you))))) (, ,) (ADVP (RB also))) (. .) (-DFL- E_S))",210,216.90575,218.31425
sw02utt/sw_0258_2008.utt,2/sw2008,2008,135,fc,A,85,1,Bye-bye. /,[ Bye-bye/UH ] ./.,(INTJ (UH Bye-bye) (. .) (-DFL- E_S)),212,218.322875,218.656375
sw02utt/sw_0258_2008.utt,2/sw2008,2008,136,fc^m,B,86,1,Bye-bye. /,[ Bye-bye/UH ] ./.,(INTJ (UH Bye-bye) (. .) (-DFL- E_S)),212,218.608,218.88175
